"","Species","data.type","A.A","B.B","C.C","D.sd","loglikeli","rsq","slope","AIC","AICcorr","sterror_1.A","sterror.B","sterror.C","sterror.sd","N","Kmax","psi_kleaf20","psi_kleaf50","psi_kleaf80","psi_kleaf95"
"1","1","DASP",17.9513237174189,2.46310083317235,2.08377027764827,3.18949811700334,-56.7336463163879,0.643887521641827,0.999999999277919,121.467292632776,123.820233809246,4.45681174380525,1.56085926118559,2.13868282742343,0.480832828832408,22,20.0350939950672,0.102550686590771,0.331506800863637,0.90684397987303,NA
