"","Species","data.type","A.A","B.B","C.sd","D.NA","loglikeli","rsq","slope","AIC","AICcorr","sterror_1.A","sterror.B","sterror.sd","sterror.NA","N","Kmax","psi_kleaf20","psi_kleaf50","psi_kleaf80","psi_kleaf95"
"1","1","DASP",17.4062005544293,1.55087227196652,3.22944953917444,NA,-57.0075051949137,0.634910367080134,0.999999998842696,120.015010389827,121.348343723161,2.55929569311552,0.399219549071968,0.486854632906797,NA,22,17.4062005544293,0.143882610675128,0.446940211060083,1.03776303279529,1.93164345491546
