"","Species","data.type","A.A","B.B","C.sd","D.NA","loglikeli","rsq","slope","AIC","AICcorr","sterror_1.A","sterror.B","sterror.sd","sterror.NA","N","Kmax","psi_kleaf20","psi_kleaf50","psi_kleaf80","psi_kleaf95"
"1","1","DASP",12.6516928663067,-7.12048774333015,3.67416656170243,NA,-59.8458266895192,0.52743650452596,0.99999999552238,125.691653379038,127.024986712372,1.31530815161154,1.43694356375795,0.55389902461935,NA,22,12.6516928663067,0.355360287731909,0.888400719329772,1.42144115092764,1.68796136672657
