"","Species","data.type","A.A","B.B","C.Xo","D.sd","loglikeli","rsq","slope","AIC","AICcorr","sterror_1.A","sterror.B","sterror.Xo","sterror.sd","N","Kmax","psi_kleaf20","psi_kleaf50","psi_kleaf80","psi_kleaf95"
"1","1","DASP",19.5887750043756,1.33174671400593,0.338234258444763,3.18351945514141,-56.6923690511379,0.645221322023256,1.00000000563922,121.384738102276,123.737679278746,11.9685551442906,0.689556710784655,0.35400766543769,0.479932571123406,22,19.5887750043756,0.119435831479734,0.338234258444763,0.957856718275457,3.0862095259294
