"","Species","data.type","A.A","B.B","C.Xo","D.sd","loglikeli","rsq","slope","AIC","AICcorr","sterror_1.A","sterror.B","sterror.Xo","sterror.sd","N","Kmax","psi_kleaf20","psi_kleaf50","psi_kleaf80","psi_kleaf95"
"1","1","DASP",34.8654828849825,-0.509519008156215,-0.0918695315362024,3.26303179570314,-57.2350963175408,0.62727793973712,1.002151235215,122.470192635082,124.823133811552,35.8265058091466,0.192374130123028,0.891290593832821,0.494377431478638,22,15.8653681566057,0.170227650240788,0.365274506565598,0.81271786745161,1.52279317203601
