"","Species","data.type","A.A","B.B","C.C","D.sd","loglikeli","rsq","slope","AIC","AICcorr","sterror_1.A","sterror.B","sterror.C","sterror.sd","N","Kmax","psi_kleaf20","psi_kleaf50","psi_kleaf80","psi_kleaf95"
"1","1","AVSA",18.9467519838787,3.61569024756831,0.812309293337931,3.11324039341982,-45.9828475262309,0.634825876344323,0.999999996411332,99.9656950524618,103.042618129385,5.8837281330715,1.90358574571089,1.19231314255211,0.518871889741405,18,19.7590612772166,0.0646957313278801,0.203824610671833,0.497157637801449,1.29461584462369
