"","Species","data.type","A.A","B.B","C.sd","D.NA","loglikeli","rsq","slope","AIC","AICcorr","sterror_1.A","sterror.B","sterror.sd","sterror.NA","N","Kmax","psi_kleaf20","psi_kleaf50","psi_kleaf80","psi_kleaf95"
"1","1","AVSA",10.1612588034217,-7.1962685128182,3.90779395779907,NA,-44.5105847515561,0.464823503041923,0.999999995006863,95.0211695031122,97.0211695031122,1.90113846121939,1.93037768442486,0.690803496455714,NA,16,10.1612588034217,0.282403548042214,0.706008870105536,1.12961419216886,1.34141685320052
