"","Species","data.type","A.A","B.B","C.Xo","D.sd","loglikeli","rsq","slope","AIC","AICcorr","sterror_1.A","sterror.B","sterror.Xo","sterror.sd","N","Kmax","psi_kleaf20","psi_kleaf50","psi_kleaf80","psi_kleaf95"
"1","1","AVSA",14.2048880478531,2.14705136280726,0.321397430780687,3.2792156686253,-41.7046847521975,0.623145529350076,1.0000000003256,91.409369504395,95.0457331407587,5.14167159300171,1.315670269478,0.165164660642257,0.579686051645745,16,14.2048880478531,0.168511647079278,0.321397430780687,0.612992100562817,1.26656749815432
