"","Species","data.type","A.A","B.B","C.Xo","D.sd","loglikeli","rsq","slope","AIC","AICcorr","sterror_1.A","sterror.B","sterror.Xo","sterror.sd","N","Kmax","psi_kleaf20","psi_kleaf50","psi_kleaf80","psi_kleaf95"
"1","1","AVSA",29.4280577512572,-0.264836939109834,0.0375145764843656,3.16586378506859,-46.2845605389288,0.622376389917271,1.00331658945677,100.569121077858,103.646044154781,39.2046266603691,0.178072058906731,0.644809759369799,0.529317946211331,18,15.7544226919291,0.142676755534354,0.227992296893619,0.43894955422818,0.795710959828691
