"","Species","data.type","A.A","B.B","C.C","D.sd","loglikeli","rsq","slope","AIC","AICcorr","sterror_1.A","sterror.B","sterror.C","sterror.sd","N","Kmax","psi_kleaf20","psi_kleaf50","psi_kleaf80","psi_kleaf95"
"1","1","CESE",77.5563744122851,10.5996921123745,3.48328070684878,6.15545313946699,-87.3794767485109,0.764145980250343,1.0000000002982,182.758953497022,184.577135315204,14.8417603662723,2.96510021183424,2.20619241649278,0.83764563344307,27,81.0396551191339,0.02211717878367,0.0697284315379817,0.170520424789284,0.463730800207732
