"","Species","data.type","A.A","B.B","C.sd","D.NA","loglikeli","rsq","slope","AIC","AICcorr","sterror_1.A","sterror.B","sterror.sd","sterror.NA","N","Kmax","psi_kleaf20","psi_kleaf50","psi_kleaf80","psi_kleaf95"
"1","1","CESE",70.443699108622,7.88957826434702,6.4172124829673,NA,-88.5039039013376,0.74366018836802,1.00000000279891,183.007807802675,184.051286063545,10.160557421045,1.15381605132562,0.873269466768818,NA,27,70.443699108622,0.028283330722834,0.087856049757726,0.203995430238286,0.379707529753738
