"","Species","data.type","A.A","B.B","C.sd","D.NA","loglikeli","rsq","slope","AIC","AICcorr","sterror_1.A","sterror.B","sterror.sd","sterror.NA","N","Kmax","psi_kleaf20","psi_kleaf50","psi_kleaf80","psi_kleaf95"
"1","1","CESE",16.5286069269985,-11.6729905873567,11.5053691329342,NA,-96.543808530153,0.204503932673579,1.00000000003802,199.087617060306,200.230474203163,3.29302416793206,4.60422667204651,1.62709806831595,NA,25,16.5286069269985,0.283194041891903,0.707985104729758,1.13277616756761,1.34517169898654
