"","Species","data.type","A.A","B.B","C.Xo","D.sd","loglikeli","rsq","slope","AIC","AICcorr","sterror_1.A","sterror.B","sterror.Xo","sterror.sd","N","Kmax","psi_kleaf20","psi_kleaf50","psi_kleaf80","psi_kleaf95"
"1","1","CESE",120.279727034925,1.29027885489789,0.0387200514758024,5.83553613382548,-79.5726168997801,0.795356268180554,1.00650247346897,167.14523379956,169.14523379956,68.9279377098947,0.229462191558261,0.0297380819918885,0.839458675151762,25,120.279727034925,0.0132228058246924,0.0387200514758024,0.113383075132895,0.379318086884584
