"","Species","data.type","A.A","B.B","C.Xo","D.sd","loglikeli","rsq","slope","AIC","AICcorr","sterror_1.A","sterror.B","sterror.Xo","sterror.sd","N","Kmax","psi_kleaf20","psi_kleaf50","psi_kleaf80","psi_kleaf95"
"1","1","CESE",90.2097952761939,-0.0963439414855446,0.0477461732871382,6.7802591036799,-89.9897540379124,0.713835469595303,1.0170884705336,187.979508075825,189.797689894007,38.1387391945257,0.0207335362027011,0.0755650824547451,0.948013382924577,27,56.0581852682687,0.0760992736561732,0.101055248720029,0.168274903518298,0.291776830575841
