"","Species","data.type","A.A","B.B","C.sd","D.NA","loglikeli","rsq","slope","AIC","AICcorr","sterror_1.A","sterror.B","sterror.sd","sterror.NA","N","Kmax","psi_kleaf20","psi_kleaf50","psi_kleaf80","psi_kleaf95"
"1","1","CHLA",48.4326836315008,10,8.07019368202238,NA,-84.1707843401677,0.599891229004196,1.00000000598633,174.341568680335,175.541568680335,27.0733890878012,6.39927011817876,1.9501015823939,NA,24,48.4326836315008,0.022314355131421,0.0693147180559945,0.16094379124341,0.299573227355399
